dropout_rate,train_accuracy,test_accuracy,train_time
0.2,0.8437625,0.78915,1657.4090259075165
0.25,0.824975,0.78275,1599.0767805576324
0.3,0.8143625,0.77925,2152.814419031143
