lstm_units,train_accuracy,test_accuracy,train_time
64,0.8422875,0.7901,541.4216749668121
128,0.8421125,0.79965,949.0607073307037
256,0.828375,0.7925,2045.3134679794312
