num_hidden_layers,train_accuracy,test_accuracy,train_time
1,0.7417375,0.7344,1707.5059764385223
2,0.6986,0.69795,2251.140200138092
3,0.50205,0.50295,1909.941785812378
